{
    "best_model": "HistGradientBoosting + Early Stopping",
    "threshold": 0.8516616444216317,
    "roc_auc": 0.9596398632810867,
    "pr_auc": 0.7934774548486031,
    "precision": 0.9577464788732394,
    "recall": 0.7157894736842105,
    "f1": 0.8192771084337349,
    "confusion_matrix": [
        [
            56648,
            3
        ],
        [
            27,
            68
        ]
    ],
    "classification_report": {
        "0": {
            "precision": 0.999523599470666,
            "recall": 0.9999470441828034,
            "f1-score": 0.9997352769885111,
            "support": 56651.0
        },
        "1": {
            "precision": 0.9577464788732394,
            "recall": 0.7157894736842105,
            "f1-score": 0.8192771084337349,
            "support": 95.0
        },
        "accuracy": 0.9994713283755683,
        "macro avg": {
            "precision": 0.9786350391719527,
            "recall": 0.8578682589335069,
            "f1-score": 0.909506192711123,
            "support": 56746.0
        },
        "weighted avg": {
            "precision": 0.999453659273,
            "recall": 0.9994713283755683,
            "f1-score": 0.9994331671303236,
            "support": 56746.0
        }
    }
}