{
    "name": "LogisticRegression + Feature Engineering",
    "threshold": 0.7988945219430424,
    "metrics": {
        "threshold": 0.7988945219430424,
        "validation_precision": 0.797979797979798,
        "validation_recall": 0.8404255319148937,
        "validation_f1": 0.8186528496909663,
        "roc_auc": 0.9639761085649995,
        "pr_auc": 0.6999331925116841,
        "precision": 0.8275862068965517,
        "recall": 0.7578947368421053,
        "f1": 0.7912087912087912
    },
    "confusion_matrix": [
        [
            56636,
            15
        ],
        [
            23,
            72
        ]
    ],
    "classification_report": {
        "0": {
            "precision": 0.9995940627261335,
            "recall": 0.9997352209140175,
            "f1-score": 0.9996646368369958,
            "support": 56651.0
        },
        "1": {
            "precision": 0.8275862068965517,
            "recall": 0.7578947368421053,
            "f1-score": 0.7912087912087912,
            "support": 95.0
        },
        "accuracy": 0.9993303492757198,
        "macro avg": {
            "precision": 0.9135901348113427,
            "recall": 0.8788149788780614,
            "f1-score": 0.8954367140228935,
            "support": 56746.0
        },
        "weighted avg": {
            "precision": 0.9993060997630381,
            "recall": 0.9993303492757198,
            "f1-score": 0.9993156553169823,
            "support": 56746.0
        }
    }
}